{
  "formatVersion": 1,
  "database": {
    "version": 1,
    "identityHash": "410ea14d38982f0e910a029613e382b2",
    "entities": [
      {
        "tableName": "Contact",
        "createSql": "CREATE TABLE IF NOT EXISTS `${TABLE_NAME}` (`id` INTEGER PRIMARY KEY AUTOINCREMENT, `name` TEXT NOT NULL, `firstname` TEXT, `birthday` INTEGER, `email` TEXT, `address` TEXT, `zip` TEXT, `city` TEXT, `type` TEXT, `phoneNumber` TEXT, `remoteId` INTEGER, `syncState` TEXT NOT NULL)",
        "fields": [
          {
            "fieldPath": "id",
            "columnName": "id",
            "affinity": "INTEGER"
          },
          {
            "fieldPath": "name",
            "columnName": "name",
            "affinity": "TEXT",
            "notNull": true
          },
          {
            "fieldPath": "firstname",
            "columnName": "firstname",
            "affinity": "TEXT"
          },
          {
            "fieldPath": "birthday",
            "columnName": "birthday",
            "affinity": "INTEGER"
          },
          {
            "fieldPath": "email",
            "columnName": "email",
            "affinity": "TEXT"
          },
          {
            "fieldPath": "address",
            "columnName": "address",
            "affinity": "TEXT"
          },
          {
            "fieldPath": "zip",
            "columnName": "zip",
            "affinity": "TEXT"
          },
          {
            "fieldPath": "city",
            "columnName": "city",
            "affinity": "TEXT"
          },
          {
            "fieldPath": "type",
            "columnName": "type",
            "affinity": "TEXT"
          },
          {
            "fieldPath": "phoneNumber",
            "columnName": "phoneNumber",
            "affinity": "TEXT"
          },
          {
            "fieldPath": "remoteId",
            "columnName": "remoteId",
            "affinity": "INTEGER"
          },
          {
            "fieldPath": "syncState",
            "columnName": "syncState",
            "affinity": "TEXT",
            "notNull": true
          }
        ],
        "primaryKey": {
          "autoGenerate": true,
          "columnNames": [
            "id"
          ]
        }
      }
    ],
    "setupQueries": [
      "CREATE TABLE IF NOT EXISTS room_master_table (id INTEGER PRIMARY KEY,identity_hash TEXT)",
      "INSERT OR REPLACE INTO room_master_table (id,identity_hash) VALUES(42, '410ea14d38982f0e910a029613e382b2')"
    ]
  }
}